1,Griselda,2294 Gerald Circle,120
2,Rosemarie,561 Becker Hill,112
3,Elsdff,80787 Continental Center,110
4,Cissiee,88 Village Green Terrace,100
5,Ernesto,3 Tony Pass,120
6,Waylan,5004 Farmco Street,119
7,Vivi,448 Reinke Junction,121
8,Brewster,24 Trailsway Plaza,129
9,Niven,2556 Bayside Lane,130
10,Trueman,4 Iowa Circle,140
11,Raven,6 Cordelia Avenue,160
12,Stanwood,4828 Oakridge Trail,159
13,Emera,75456 Raven Place,161
14,Kerrie,1 Di Loreto Avenue,170
15,Happy,18704 7th Road,200
16,Kerby,6 Crescent Oaks Trail,210
17,Esdras,10311 Esch Court,220
18,Darcie,8 Merry Lane,230
19,Claus,1 Dixon Center,240
20,Chiarra,2868 Manufacturers Point,240
